ParentKey,LineNum,Address,DateOfBirth,E_Mail,Fax,Gender,MobilePhone,Name,Pager,Password,Phone1,Phone2,PlaceOfBirth,Position,Profession,Remarks1,Remarks2,Title
CardCode,LineNum,Address,DateOfBirth,E_Mail,Fax,Gender,MobilePhone,Name,Pager,Password,Phone1,Phone2,PlaceOfBirth,Position,Profession,Remarks1,Remarks2,Title
C003,,An der Hofmark 3,,valerian.adamek@zwei.de,650 FAX IT,,999 CELL PHONE,Valerian Adamek,999 PAGER,Password,650 PHONE1,650 PHONE2,,Purchasing,,Remarks 1,Remarks 2,
C004,,An der Hofmark 4,,adrienne.altmann@gmx.com,0371/680582,,0177 / 9868218,Adrienne Altmann,999 PAGER,Password,0371/680581,,,Purchasing,,Remarks 1,Remarks 2,
C005,,An der Hofmark 5,,christian@t-online.de,06421/830596,,0178 / 8889573,Christian Andresen,999 PAGER,Password,06421/830595,,,CIO,,Remarks 1,Remarks 2,
C006,,An der Hofmark 6,,anton@gmx.com,06131/527018,,0162 / 8625299,Andree Anton,999 PAGER,Password,06131/527017,,,CEO,,Remarks 1,Remarks 2,
C007,,An der Hofmark 7,,martina@web.de,0951/855173,,0177 / 8309544,Martina  Basalyk,,,0951/855172,,,Sales,,,,
C008,,An der Hofmark 8,,,,,,ContactPerson_C008,,,,,,,,,,
C009,,An der Hofmark 9,,,,,,ContactPerson_C009,,,,,,,,,,
C010,,An der Hofmark 10,,,,,,ContactPerson_C010,,,,,,,,,,
C011,,An der Hofmark 11,,,,,,ContactPerson_C011,,,,,,,,,,
C012,,An der Hofmark 12,,,,,,ContactPerson_C012,,,,,,,,,,
C013,,An der Hofmark 13,,,,,,ContactPerson_C013,,,,,,,,,,
C014,,An der Hofmark 14,,,,,,ContactPerson_C014,,,,,,,,,,
C015,,An der Hofmark 15,,,,,,ContactPerson_C015,,,,,,,,,,
C016,,An der Hofmark 16,,,,,,ContactPerson_C016,,,,,,,,,,
C017,,An der Hofmark 17,,,,,,ContactPerson_C017,,,,,,,,,,
C018,,An der Hofmark 18,,,,,,ContactPerson_C018,,,,,,,,,,
C019,,An der Hofmark 19,,,,,,ContactPerson_C019,,,,,,,,,,
C020,,An der Hofmark 20,,,,,,ContactPerson_C020,,,,,,,,,,
C021,,An der Hofmark 21,,,,,,ContactPerson_C021,,,,,,,,,,
C022,,An der Hofmark 22,,,,,,ContactPerson_C022,,,,,,,,,,
C023,,An der Hofmark 23,,,,,,ContactPerson_C023,,,,,,,,,,
C024,,An der Hofmark 24,,,,,,ContactPerson_C024,,,,,,,,,,
C025,,An der Hofmark 25,,,,,,ContactPerson_C025,,,,,,,,,,
C026,,An der Hofmark 26,,,,,,ContactPerson_C026,,,,,,,,,,
C027,,An der Hofmark 27,,,,,,ContactPerson_C027,,,,,,,,,,
C028,,An der Hofmark 28,,,,,,ContactPerson_C028,,,,,,,,,,
C029,,An der Hofmark 29,,,,,,ContactPerson_C029,,,,,,,,,,
C030,,An der Hofmark 30,,,,,,ContactPerson_C030,,,,,,,,,,
C031,,An der Hofmark 31,,,,,,ContactPerson_C031,,,,,,,,,,
C032,,An der Hofmark 32,,,,,,ContactPerson_C032,,,,,,,,,,
C033,,An der Hofmark 33,,,,,,ContactPerson_C033,,,,,,,,,,
C034,,An der Hofmark 34,,,,,,ContactPerson_C034,,,,,,,,,,
C035,,An der Hofmark 35,,,,,,ContactPerson_C035,,,,,,,,,,
C036,,An der Hofmark 36,,,,,,ContactPerson_C036,,,,,,,,,,
C037,,An der Hofmark 37,,,,,,ContactPerson_C037,,,,,,,,,,
C038,,An der Hofmark 38,,,,,,ContactPerson_C038,,,,,,,,,,
C039,,An der Hofmark 39,,,,,,ContactPerson_C039,,,,,,,,,,
C040,,An der Hofmark 40,,,,,,ContactPerson_C040,,,,,,,,,,
C041,,An der Hofmark 41,,,,,,ContactPerson_C041,,,,,,,,,,
C042,,An der Hofmark 42,,,,,,ContactPerson_C042,,,,,,,,,,
C043,,An der Hofmark 43,,,,,,ContactPerson_C043,,,,,,,,,,
C044,,An der Hofmark 44,,,,,,ContactPerson_C044,,,,,,,,,,
C045,,An der Hofmark 45,,,,,,ContactPerson_C045,,,,,,,,,,
C046,,An der Hofmark 46,,,,,,ContactPerson_C046,,,,,,,,,,
C047,,An der Hofmark 47,,,,,,ContactPerson_C047,,,,,,,,,,
C048,,An der Hofmark 48,,,,,,ContactPerson_C048,,,,,,,,,,
C049,,An der Hofmark 49,,,,,,ContactPerson_C049,,,,,,,,,,
C050,,An der Hofmark 50,,,,,,ContactPerson_C050,,,,,,,,,,
C051,,An der Hofmark 51,,,,,,ContactPerson_C051,,,,,,,,,,
C052,,An der Hofmark 52,,,,,,ContactPerson_C052,,,,,,,,,,
C053,,An der Hofmark 53,,,,,,ContactPerson_C053,,,,,,,,,,
C054,,An der Hofmark 54,,,,,,ContactPerson_C054,,,,,,,,,,
C055,,An der Hofmark 55,,,,,,ContactPerson_C055,,,,,,,,,,
C056,,An der Hofmark 56,,,,,,ContactPerson_C056,,,,,,,,,,
C057,,An der Hofmark 57,,,,,,ContactPerson_C057,,,,,,,,,,
C058,,An der Hofmark 58,,,,,,ContactPerson_C058,,,,,,,,,,
C059,,An der Hofmark 59,,,,,,ContactPerson_C059,,,,,,,,,,
C060,,An der Hofmark 60,,,,,,ContactPerson_C060,,,,,,,,,,
C061,,An der Hofmark 61,,,,,,ContactPerson_C061,,,,,,,,,,
C062,,An der Hofmark 62,,,,,,ContactPerson_C062,,,,,,,,,,
C063,,An der Hofmark 63,,,,,,ContactPerson_C063,,,,,,,,,,
C064,,An der Hofmark 64,,,,,,ContactPerson_C064,,,,,,,,,,
C065,,An der Hofmark 65,,,,,,ContactPerson_C065,,,,,,,,,,
C066,,An der Hofmark 66,,,,,,ContactPerson_C066,,,,,,,,,,
C067,,An der Hofmark 67,,,,,,ContactPerson_C067,,,,,,,,,,
C068,,An der Hofmark 68,,,,,,ContactPerson_C068,,,,,,,,,,
C069,,An der Hofmark 69,,,,,,ContactPerson_C069,,,,,,,,,,
C070,,An der Hofmark 70,,,,,,ContactPerson_C070,,,,,,,,,,
C071,,An der Hofmark 71,,,,,,ContactPerson_C071,,,,,,,,,,
C072,,An der Hofmark 72,,,,,,ContactPerson_C072,,,,,,,,,,
C073,,An der Hofmark 73,,,,,,ContactPerson_C073,,,,,,,,,,
C074,,An der Hofmark 74,,,,,,ContactPerson_C074,,,,,,,,,,
C075,,An der Hofmark 75,,,,,,ContactPerson_C075,,,,,,,,,,
C076,,An der Hofmark 76,,,,,,ContactPerson_C076,,,,,,,,,,
C077,,An der Hofmark 77,,,,,,ContactPerson_C077,,,,,,,,,,
C078,,An der Hofmark 78,,,,,,ContactPerson_C078,,,,,,,,,,
C079,,An der Hofmark 79,,,,,,ContactPerson_C079,,,,,,,,,,
C080,,An der Hofmark 80,,,,,,ContactPerson_C080,,,,,,,,,,
C081,,An der Hofmark 81,,,,,,ContactPerson_C081,,,,,,,,,,
C082,,An der Hofmark 82,,,,,,ContactPerson_C082,,,,,,,,,,
C083,,An der Hofmark 83,,,,,,ContactPerson_C083,,,,,,,,,,
C084,,An der Hofmark 84,,,,,,ContactPerson_C084,,,,,,,,,,
C085,,An der Hofmark 85,,,,,,ContactPerson_C085,,,,,,,,,,
C086,,An der Hofmark 86,,,,,,ContactPerson_C086,,,,,,,,,,
C087,,An der Hofmark 87,,,,,,ContactPerson_C087,,,,,,,,,,
C088,,An der Hofmark 88,,,,,,ContactPerson_C088,,,,,,,,,,
C089,,An der Hofmark 89,,,,,,ContactPerson_C089,,,,,,,,,,
C090,,An der Hofmark 90,,,,,,ContactPerson_C090,,,,,,,,,,
C091,,An der Hofmark 91,,,,,,ContactPerson_C091,,,,,,,,,,
C092,,An der Hofmark 92,,,,,,ContactPerson_C092,,,,,,,,,,
C093,,An der Hofmark 93,,,,,,ContactPerson_C093,,,,,,,,,,
C094,,An der Hofmark 94,,,,,,ContactPerson_C094,,,,,,,,,,
C095,,An der Hofmark 95,,,,,,ContactPerson_C095,,,,,,,,,,
C096,,An der Hofmark 96,,,,,,ContactPerson_C096,,,,,,,,,,
C097,,An der Hofmark 97,,,,,,ContactPerson_C097,,,,,,,,,,
C098,,An der Hofmark 98,,,,,,ContactPerson_C098,,,,,,,,,,
C099,,An der Hofmark 99,,,,,,ContactPerson_C099,,,,,,,,,,
C100,,An der Hofmark 100,,,,,,ContactPerson_C100,,,,,,,,,,
C101,,An der Hofmark 101,,,,,,ContactPerson_C101,,,,,,,,,,
C102,,An der Hofmark 102,,,,,,ContactPerson_C102,,,,,,,,,,
C103,,An der Hofmark 103,,,,,,ContactPerson_C103,,,,,,,,,,
C104,,An der Hofmark 104,,,,,,ContactPerson_C104,,,,,,,,,,
C105,,An der Hofmark 105,,,,,,ContactPerson_C105,,,,,,,,,,
C106,,An der Hofmark 106,,,,,,ContactPerson_C106,,,,,,,,,,
C107,,An der Hofmark 107,,,,,,ContactPerson_C107,,,,,,,,,,
C108,,An der Hofmark 108,,,,,,ContactPerson_C108,,,,,,,,,,
C109,,An der Hofmark 109,,,,,,ContactPerson_C109,,,,,,,,,,
C110,,An der Hofmark 110,,,,,,ContactPerson_C110,,,,,,,,,,
C111,,An der Hofmark 111,,,,,,ContactPerson_C111,,,,,,,,,,
C112,,An der Hofmark 112,,,,,,ContactPerson_C112,,,,,,,,,,
C113,,An der Hofmark 113,,,,,,ContactPerson_C113,,,,,,,,,,
C114,,An der Hofmark 114,,,,,,ContactPerson_C114,,,,,,,,,,
C115,,An der Hofmark 115,,,,,,ContactPerson_C115,,,,,,,,,,
C116,,An der Hofmark 116,,,,,,ContactPerson_C116,,,,,,,,,,
C117,,An der Hofmark 117,,,,,,ContactPerson_C117,,,,,,,,,,
C118,,An der Hofmark 118,,,,,,ContactPerson_C118,,,,,,,,,,
C119,,An der Hofmark 119,,,,,,ContactPerson_C119,,,,,,,,,,
C120,,An der Hofmark 120,,,,,,ContactPerson_C120,,,,,,,,,,
C121,,An der Hofmark 121,,,,,,ContactPerson_C121,,,,,,,,,,
C122,,An der Hofmark 122,,,,,,ContactPerson_C122,,,,,,,,,,
C123,,An der Hofmark 123,,,,,,ContactPerson_C123,,,,,,,,,,
C124,,An der Hofmark 124,,,,,,ContactPerson_C124,,,,,,,,,,
C125,,An der Hofmark 125,,,,,,ContactPerson_C125,,,,,,,,,,
C126,,An der Hofmark 126,,,,,,ContactPerson_C126,,,,,,,,,,
C127,,An der Hofmark 127,,,,,,ContactPerson_C127,,,,,,,,,,
C128,,An der Hofmark 128,,,,,,ContactPerson_C128,,,,,,,,,,
C129,,An der Hofmark 129,,,,,,ContactPerson_C129,,,,,,,,,,
C130,,An der Hofmark 130,,,,,,ContactPerson_C130,,,,,,,,,,
C131,,An der Hofmark 131,,,,,,ContactPerson_C131,,,,,,,,,,
C132,,An der Hofmark 132,,,,,,ContactPerson_C132,,,,,,,,,,
C133,,An der Hofmark 133,,,,,,ContactPerson_C133,,,,,,,,,,
C134,,An der Hofmark 134,,,,,,ContactPerson_C134,,,,,,,,,,
C135,,An der Hofmark 135,,,,,,ContactPerson_C135,,,,,,,,,,
C136,,An der Hofmark 136,,,,,,ContactPerson_C136,,,,,,,,,,
C137,,An der Hofmark 137,,,,,,ContactPerson_C137,,,,,,,,,,
C138,,An der Hofmark 138,,,,,,ContactPerson_C138,,,,,,,,,,
C139,,An der Hofmark 139,,,,,,ContactPerson_C139,,,,,,,,,,
C140,,An der Hofmark 140,,,,,,ContactPerson_C140,,,,,,,,,,
C141,,An der Hofmark 141,,,,,,ContactPerson_C141,,,,,,,,,,
C142,,An der Hofmark 142,,,,,,ContactPerson_C142,,,,,,,,,,
C143,,An der Hofmark 143,,,,,,ContactPerson_C143,,,,,,,,,,
C144,,An der Hofmark 144,,,,,,ContactPerson_C144,,,,,,,,,,
C145,,An der Hofmark 145,,,,,,ContactPerson_C145,,,,,,,,,,
C146,,An der Hofmark 146,,,,,,ContactPerson_C146,,,,,,,,,,
C147,,An der Hofmark 147,,,,,,ContactPerson_C147,,,,,,,,,,
C148,,An der Hofmark 148,,,,,,ContactPerson_C148,,,,,,,,,,
C149,,An der Hofmark 149,,,,,,ContactPerson_C149,,,,,,,,,,
C150,,An der Hofmark 150,,,,,,ContactPerson_C150,,,,,,,,,,
C151,,An der Hofmark 151,,,,,,ContactPerson_C151,,,,,,,,,,
C152,,An der Hofmark 152,,,,,,ContactPerson_C152,,,,,,,,,,
C153,,An der Hofmark 153,,,,,,ContactPerson_C153,,,,,,,,,,
C154,,An der Hofmark 154,,,,,,ContactPerson_C154,,,,,,,,,,
C155,,An der Hofmark 155,,,,,,ContactPerson_C155,,,,,,,,,,
C156,,An der Hofmark 156,,,,,,ContactPerson_C156,,,,,,,,,,
C157,,An der Hofmark 157,,,,,,ContactPerson_C157,,,,,,,,,,
C158,,An der Hofmark 158,,,,,,ContactPerson_C158,,,,,,,,,,
C159,,An der Hofmark 159,,,,,,ContactPerson_C159,,,,,,,,,,
C160,,An der Hofmark 160,,,,,,ContactPerson_C160,,,,,,,,,,
C161,,An der Hofmark 161,,,,,,ContactPerson_C161,,,,,,,,,,
C162,,An der Hofmark 162,,,,,,ContactPerson_C162,,,,,,,,,,
C163,,An der Hofmark 163,,,,,,ContactPerson_C163,,,,,,,,,,
C164,,An der Hofmark 164,,,,,,ContactPerson_C164,,,,,,,,,,
C165,,An der Hofmark 165,,,,,,ContactPerson_C165,,,,,,,,,,
C166,,An der Hofmark 166,,,,,,ContactPerson_C166,,,,,,,,,,
C167,,An der Hofmark 167,,,,,,ContactPerson_C167,,,,,,,,,,
C168,,An der Hofmark 168,,,,,,ContactPerson_C168,,,,,,,,,,
C169,,An der Hofmark 169,,,,,,ContactPerson_C169,,,,,,,,,,
C170,,An der Hofmark 170,,,,,,ContactPerson_C170,,,,,,,,,,
C171,,An der Hofmark 171,,,,,,ContactPerson_C171,,,,,,,,,,
C172,,An der Hofmark 172,,,,,,ContactPerson_C172,,,,,,,,,,
C173,,An der Hofmark 173,,,,,,ContactPerson_C173,,,,,,,,,,
C174,,An der Hofmark 174,,,,,,ContactPerson_C174,,,,,,,,,,
C175,,An der Hofmark 175,,,,,,ContactPerson_C175,,,,,,,,,,
C176,,An der Hofmark 176,,,,,,ContactPerson_C176,,,,,,,,,,
C177,,An der Hofmark 177,,,,,,ContactPerson_C177,,,,,,,,,,
C178,,An der Hofmark 178,,,,,,ContactPerson_C178,,,,,,,,,,
C179,,An der Hofmark 179,,,,,,ContactPerson_C179,,,,,,,,,,
C180,,An der Hofmark 180,,,,,,ContactPerson_C180,,,,,,,,,,
C181,,An der Hofmark 181,,,,,,ContactPerson_C181,,,,,,,,,,
C182,,An der Hofmark 182,,,,,,ContactPerson_C182,,,,,,,,,,
C183,,An der Hofmark 183,,,,,,ContactPerson_C183,,,,,,,,,,
C184,,An der Hofmark 184,,,,,,ContactPerson_C184,,,,,,,,,,
C185,,An der Hofmark 185,,,,,,ContactPerson_C185,,,,,,,,,,
C186,,An der Hofmark 186,,,,,,ContactPerson_C186,,,,,,,,,,
C187,,An der Hofmark 187,,,,,,ContactPerson_C187,,,,,,,,,,
C188,,An der Hofmark 188,,,,,,ContactPerson_C188,,,,,,,,,,
C189,,An der Hofmark 189,,,,,,ContactPerson_C189,,,,,,,,,,
C190,,An der Hofmark 190,,,,,,ContactPerson_C190,,,,,,,,,,
C191,,An der Hofmark 191,,,,,,ContactPerson_C191,,,,,,,,,,
C192,,An der Hofmark 192,,,,,,ContactPerson_C192,,,,,,,,,,
C193,,An der Hofmark 193,,,,,,ContactPerson_C193,,,,,,,,,,
C194,,An der Hofmark 194,,,,,,ContactPerson_C194,,,,,,,,,,
C195,,An der Hofmark 195,,,,,,ContactPerson_C195,,,,,,,,,,
C196,,An der Hofmark 196,,,,,,ContactPerson_C196,,,,,,,,,,
C197,,An der Hofmark 197,,,,,,ContactPerson_C197,,,,,,,,,,
C198,,An der Hofmark 198,,,,,,ContactPerson_C198,,,,,,,,,,
C199,,An der Hofmark 199,,,,,,ContactPerson_C199,,,,,,,,,,
C200,,An der Hofmark 200,,,,,,ContactPerson_C200,,,,,,,,,,
C201,,An der Hofmark 201,,,,,,ContactPerson_C201,,,,,,,,,,
C202,,An der Hofmark 202,,,,,,ContactPerson_C202,,,,,,,,,,
C203,,An der Hofmark 203,,,,,,ContactPerson_C203,,,,,,,,,,
C204,,An der Hofmark 204,,,,,,ContactPerson_C204,,,,,,,,,,
C205,,An der Hofmark 205,,,,,,ContactPerson_C205,,,,,,,,,,
C206,,An der Hofmark 206,,,,,,ContactPerson_C206,,,,,,,,,,
C207,,An der Hofmark 207,,,,,,ContactPerson_C207,,,,,,,,,,
C208,,An der Hofmark 208,,,,,,ContactPerson_C208,,,,,,,,,,
C209,,An der Hofmark 209,,,,,,ContactPerson_C209,,,,,,,,,,
C210,,An der Hofmark 210,,,,,,ContactPerson_C210,,,,,,,,,,
C211,,An der Hofmark 211,,,,,,ContactPerson_C211,,,,,,,,,,
C212,,An der Hofmark 212,,,,,,ContactPerson_C212,,,,,,,,,,
C213,,An der Hofmark 213,,,,,,ContactPerson_C213,,,,,,,,,,
C214,,An der Hofmark 214,,,,,,ContactPerson_C214,,,,,,,,,,
C215,,An der Hofmark 215,,,,,,ContactPerson_C215,,,,,,,,,,
C216,,An der Hofmark 216,,,,,,ContactPerson_C216,,,,,,,,,,
C217,,An der Hofmark 217,,,,,,ContactPerson_C217,,,,,,,,,,
C218,,An der Hofmark 218,,,,,,ContactPerson_C218,,,,,,,,,,
C219,,An der Hofmark 219,,,,,,ContactPerson_C219,,,,,,,,,,
C220,,An der Hofmark 220,,,,,,ContactPerson_C220,,,,,,,,,,
C221,,An der Hofmark 221,,,,,,ContactPerson_C221,,,,,,,,,,
C222,,An der Hofmark 222,,,,,,ContactPerson_C222,,,,,,,,,,
C223,,An der Hofmark 223,,,,,,ContactPerson_C223,,,,,,,,,,
C224,,An der Hofmark 224,,,,,,ContactPerson_C224,,,,,,,,,,
C225,,An der Hofmark 225,,,,,,ContactPerson_C225,,,,,,,,,,
C226,,An der Hofmark 226,,,,,,ContactPerson_C226,,,,,,,,,,
C227,,An der Hofmark 227,,,,,,ContactPerson_C227,,,,,,,,,,
C228,,An der Hofmark 228,,,,,,ContactPerson_C228,,,,,,,,,,
C229,,An der Hofmark 229,,,,,,ContactPerson_C229,,,,,,,,,,
C230,,An der Hofmark 230,,,,,,ContactPerson_C230,,,,,,,,,,
C231,,An der Hofmark 231,,,,,,ContactPerson_C231,,,,,,,,,,
C232,,An der Hofmark 232,,,,,,ContactPerson_C232,,,,,,,,,,
C233,,An der Hofmark 233,,,,,,ContactPerson_C233,,,,,,,,,,
C234,,An der Hofmark 234,,,,,,ContactPerson_C234,,,,,,,,,,
C235,,An der Hofmark 235,,,,,,ContactPerson_C235,,,,,,,,,,
C236,,An der Hofmark 236,,,,,,ContactPerson_C236,,,,,,,,,,
C237,,An der Hofmark 237,,,,,,ContactPerson_C237,,,,,,,,,,
C238,,An der Hofmark 238,,,,,,ContactPerson_C238,,,,,,,,,,
C239,,An der Hofmark 239,,,,,,ContactPerson_C239,,,,,,,,,,
C240,,An der Hofmark 240,,,,,,ContactPerson_C240,,,,,,,,,,
C241,,An der Hofmark 241,,,,,,ContactPerson_C241,,,,,,,,,,
C242,,An der Hofmark 242,,,,,,ContactPerson_C242,,,,,,,,,,
C243,,An der Hofmark 243,,,,,,ContactPerson_C243,,,,,,,,,,
C244,,An der Hofmark 244,,,,,,ContactPerson_C244,,,,,,,,,,
C245,,An der Hofmark 245,,,,,,ContactPerson_C245,,,,,,,,,,
C246,,An der Hofmark 246,,,,,,ContactPerson_C246,,,,,,,,,,
C247,,An der Hofmark 247,,,,,,ContactPerson_C247,,,,,,,,,,
C248,,An der Hofmark 248,,,,,,ContactPerson_C248,,,,,,,,,,
C249,,An der Hofmark 249,,,,,,ContactPerson_C249,,,,,,,,,,
C250,,An der Hofmark 250,,,,,,ContactPerson_C250,,,,,,,,,,
C251,,An der Hofmark 251,,,,,,ContactPerson_C251,,,,,,,,,,
C252,,An der Hofmark 252,,,,,,ContactPerson_C252,,,,,,,,,,
C253,,An der Hofmark 253,,,,,,ContactPerson_C253,,,,,,,,,,
C254,,An der Hofmark 254,,,,,,ContactPerson_C254,,,,,,,,,,
C255,,An der Hofmark 255,,,,,,ContactPerson_C255,,,,,,,,,,
C256,,An der Hofmark 256,,,,,,ContactPerson_C256,,,,,,,,,,
C257,,An der Hofmark 257,,,,,,ContactPerson_C257,,,,,,,,,,
C258,,An der Hofmark 258,,,,,,ContactPerson_C258,,,,,,,,,,
C259,,An der Hofmark 259,,,,,,ContactPerson_C259,,,,,,,,,,
C260,,An der Hofmark 260,,,,,,ContactPerson_C260,,,,,,,,,,
C261,,An der Hofmark 261,,,,,,ContactPerson_C261,,,,,,,,,,
C262,,An der Hofmark 262,,,,,,ContactPerson_C262,,,,,,,,,,
C263,,An der Hofmark 263,,,,,,ContactPerson_C263,,,,,,,,,,
C264,,An der Hofmark 264,,,,,,ContactPerson_C264,,,,,,,,,,
C265,,An der Hofmark 265,,,,,,ContactPerson_C265,,,,,,,,,,
C266,,An der Hofmark 266,,,,,,ContactPerson_C266,,,,,,,,,,
C267,,An der Hofmark 267,,,,,,ContactPerson_C267,,,,,,,,,,
C268,,An der Hofmark 268,,,,,,ContactPerson_C268,,,,,,,,,,
C269,,An der Hofmark 269,,,,,,ContactPerson_C269,,,,,,,,,,
C270,,An der Hofmark 270,,,,,,ContactPerson_C270,,,,,,,,,,
C271,,An der Hofmark 271,,,,,,ContactPerson_C271,,,,,,,,,,
C272,,An der Hofmark 272,,,,,,ContactPerson_C272,,,,,,,,,,
C273,,An der Hofmark 273,,,,,,ContactPerson_C273,,,,,,,,,,
C274,,An der Hofmark 274,,,,,,ContactPerson_C274,,,,,,,,,,
C275,,An der Hofmark 275,,,,,,ContactPerson_C275,,,,,,,,,,
C276,,An der Hofmark 276,,,,,,ContactPerson_C276,,,,,,,,,,
C277,,An der Hofmark 277,,,,,,ContactPerson_C277,,,,,,,,,,
C278,,An der Hofmark 278,,,,,,ContactPerson_C278,,,,,,,,,,
C279,,An der Hofmark 279,,,,,,ContactPerson_C279,,,,,,,,,,
C280,,An der Hofmark 280,,,,,,ContactPerson_C280,,,,,,,,,,
C281,,An der Hofmark 281,,,,,,ContactPerson_C281,,,,,,,,,,
C282,,An der Hofmark 282,,,,,,ContactPerson_C282,,,,,,,,,,
C283,,An der Hofmark 283,,,,,,ContactPerson_C283,,,,,,,,,,
C284,,An der Hofmark 284,,,,,,ContactPerson_C284,,,,,,,,,,
C285,,An der Hofmark 285,,,,,,ContactPerson_C285,,,,,,,,,,
C286,,An der Hofmark 286,,,,,,ContactPerson_C286,,,,,,,,,,
C287,,An der Hofmark 287,,,,,,ContactPerson_C287,,,,,,,,,,
C288,,An der Hofmark 288,,,,,,ContactPerson_C288,,,,,,,,,,
C289,,An der Hofmark 289,,,,,,ContactPerson_C289,,,,,,,,,,
C290,,An der Hofmark 290,,,,,,ContactPerson_C290,,,,,,,,,,
C291,,An der Hofmark 291,,,,,,ContactPerson_C291,,,,,,,,,,
C292,,An der Hofmark 292,,,,,,ContactPerson_C292,,,,,,,,,,
C293,,An der Hofmark 293,,,,,,ContactPerson_C293,,,,,,,,,,
C294,,An der Hofmark 294,,,,,,ContactPerson_C294,,,,,,,,,,
C295,,An der Hofmark 295,,,,,,ContactPerson_C295,,,,,,,,,,
C296,,An der Hofmark 296,,,,,,ContactPerson_C296,,,,,,,,,,
C297,,An der Hofmark 297,,,,,,ContactPerson_C297,,,,,,,,,,
C298,,An der Hofmark 298,,,,,,ContactPerson_C298,,,,,,,,,,
C299,,An der Hofmark 299,,,,,,ContactPerson_C299,,,,,,,,,,
C300,,An der Hofmark 300,,,,,,ContactPerson_C300,,,,,,,,,,
C301,,An der Hofmark 301,,,,,,ContactPerson_C301,,,,,,,,,,
C302,,An der Hofmark 302,,,,,,ContactPerson_C302,,,,,,,,,,
C303,,An der Hofmark 303,,,,,,ContactPerson_C303,,,,,,,,,,
C304,,An der Hofmark 304,,,,,,ContactPerson_C304,,,,,,,,,,
C305,,An der Hofmark 305,,,,,,ContactPerson_C305,,,,,,,,,,
C306,,An der Hofmark 306,,,,,,ContactPerson_C306,,,,,,,,,,
C307,,An der Hofmark 307,,,,,,ContactPerson_C307,,,,,,,,,,
C308,,An der Hofmark 308,,,,,,ContactPerson_C308,,,,,,,,,,
C309,,An der Hofmark 309,,,,,,ContactPerson_C309,,,,,,,,,,
C310,,An der Hofmark 310,,,,,,ContactPerson_C310,,,,,,,,,,
C311,,An der Hofmark 311,,,,,,ContactPerson_C311,,,,,,,,,,
C312,,An der Hofmark 312,,,,,,ContactPerson_C312,,,,,,,,,,
C313,,An der Hofmark 313,,,,,,ContactPerson_C313,,,,,,,,,,
C314,,An der Hofmark 314,,,,,,ContactPerson_C314,,,,,,,,,,
C315,,An der Hofmark 315,,,,,,ContactPerson_C315,,,,,,,,,,
C316,,An der Hofmark 316,,,,,,ContactPerson_C316,,,,,,,,,,
C317,,An der Hofmark 317,,,,,,ContactPerson_C317,,,,,,,,,,
C318,,An der Hofmark 318,,,,,,ContactPerson_C318,,,,,,,,,,
C319,,An der Hofmark 319,,,,,,ContactPerson_C319,,,,,,,,,,
C320,,An der Hofmark 320,,,,,,ContactPerson_C320,,,,,,,,,,
C321,,An der Hofmark 321,,,,,,ContactPerson_C321,,,,,,,,,,
C322,,An der Hofmark 322,,,,,,ContactPerson_C322,,,,,,,,,,
C323,,An der Hofmark 323,,,,,,ContactPerson_C323,,,,,,,,,,
C324,,An der Hofmark 324,,,,,,ContactPerson_C324,,,,,,,,,,
C325,,An der Hofmark 325,,,,,,ContactPerson_C325,,,,,,,,,,
C326,,An der Hofmark 326,,,,,,ContactPerson_C326,,,,,,,,,,
C327,,An der Hofmark 327,,,,,,ContactPerson_C327,,,,,,,,,,
C328,,An der Hofmark 328,,,,,,ContactPerson_C328,,,,,,,,,,
C329,,An der Hofmark 329,,,,,,ContactPerson_C329,,,,,,,,,,
C330,,An der Hofmark 330,,,,,,ContactPerson_C330,,,,,,,,,,
C331,,An der Hofmark 331,,,,,,ContactPerson_C331,,,,,,,,,,
C332,,An der Hofmark 332,,,,,,ContactPerson_C332,,,,,,,,,,
C333,,An der Hofmark 333,,,,,,ContactPerson_C333,,,,,,,,,,
C334,,An der Hofmark 334,,,,,,ContactPerson_C334,,,,,,,,,,
C335,,An der Hofmark 335,,,,,,ContactPerson_C335,,,,,,,,,,
C336,,An der Hofmark 336,,,,,,ContactPerson_C336,,,,,,,,,,
C337,,An der Hofmark 337,,,,,,ContactPerson_C337,,,,,,,,,,
C338,,An der Hofmark 338,,,,,,ContactPerson_C338,,,,,,,,,,
C339,,An der Hofmark 339,,,,,,ContactPerson_C339,,,,,,,,,,
C340,,An der Hofmark 340,,,,,,ContactPerson_C340,,,,,,,,,,
C341,,An der Hofmark 341,,,,,,ContactPerson_C341,,,,,,,,,,
C342,,An der Hofmark 342,,,,,,ContactPerson_C342,,,,,,,,,,
C343,,An der Hofmark 343,,,,,,ContactPerson_C343,,,,,,,,,,
C344,,An der Hofmark 344,,,,,,ContactPerson_C344,,,,,,,,,,
C345,,An der Hofmark 345,,,,,,ContactPerson_C345,,,,,,,,,,
C346,,An der Hofmark 346,,,,,,ContactPerson_C346,,,,,,,,,,
C347,,An der Hofmark 347,,,,,,ContactPerson_C347,,,,,,,,,,
C348,,An der Hofmark 348,,,,,,ContactPerson_C348,,,,,,,,,,
C349,,An der Hofmark 349,,,,,,ContactPerson_C349,,,,,,,,,,
C350,,An der Hofmark 350,,,,,,ContactPerson_C350,,,,,,,,,,
C351,,An der Hofmark 351,,,,,,ContactPerson_C351,,,,,,,,,,
C352,,An der Hofmark 352,,,,,,ContactPerson_C352,,,,,,,,,,
C353,,An der Hofmark 353,,,,,,ContactPerson_C353,,,,,,,,,,
C354,,An der Hofmark 354,,,,,,ContactPerson_C354,,,,,,,,,,
C355,,An der Hofmark 355,,,,,,ContactPerson_C355,,,,,,,,,,
C356,,An der Hofmark 356,,,,,,ContactPerson_C356,,,,,,,,,,
C357,,An der Hofmark 357,,,,,,ContactPerson_C357,,,,,,,,,,
C358,,An der Hofmark 358,,,,,,ContactPerson_C358,,,,,,,,,,
C359,,An der Hofmark 359,,,,,,ContactPerson_C359,,,,,,,,,,
C360,,An der Hofmark 360,,,,,,ContactPerson_C360,,,,,,,,,,
C361,,An der Hofmark 361,,,,,,ContactPerson_C361,,,,,,,,,,
C362,,An der Hofmark 362,,,,,,ContactPerson_C362,,,,,,,,,,
C363,,An der Hofmark 363,,,,,,ContactPerson_C363,,,,,,,,,,
C364,,An der Hofmark 364,,,,,,ContactPerson_C364,,,,,,,,,,
C365,,An der Hofmark 365,,,,,,ContactPerson_C365,,,,,,,,,,
C366,,An der Hofmark 366,,,,,,ContactPerson_C366,,,,,,,,,,
C367,,An der Hofmark 367,,,,,,ContactPerson_C367,,,,,,,,,,
C368,,An der Hofmark 368,,,,,,ContactPerson_C368,,,,,,,,,,
C369,,An der Hofmark 369,,,,,,ContactPerson_C369,,,,,,,,,,
C370,,An der Hofmark 370,,,,,,ContactPerson_C370,,,,,,,,,,
C371,,An der Hofmark 371,,,,,,ContactPerson_C371,,,,,,,,,,
C372,,An der Hofmark 372,,,,,,ContactPerson_C372,,,,,,,,,,
C373,,An der Hofmark 373,,,,,,ContactPerson_C373,,,,,,,,,,
C374,,An der Hofmark 374,,,,,,ContactPerson_C374,,,,,,,,,,
C375,,An der Hofmark 375,,,,,,ContactPerson_C375,,,,,,,,,,
C376,,An der Hofmark 376,,,,,,ContactPerson_C376,,,,,,,,,,
C377,,An der Hofmark 377,,,,,,ContactPerson_C377,,,,,,,,,,
C378,,An der Hofmark 378,,,,,,ContactPerson_C378,,,,,,,,,,
C379,,An der Hofmark 379,,,,,,ContactPerson_C379,,,,,,,,,,
C380,,An der Hofmark 380,,,,,,ContactPerson_C380,,,,,,,,,,
C381,,An der Hofmark 381,,,,,,ContactPerson_C381,,,,,,,,,,
C382,,An der Hofmark 382,,,,,,ContactPerson_C382,,,,,,,,,,
C383,,An der Hofmark 383,,,,,,ContactPerson_C383,,,,,,,,,,
C384,,An der Hofmark 384,,,,,,ContactPerson_C384,,,,,,,,,,
C385,,An der Hofmark 385,,,,,,ContactPerson_C385,,,,,,,,,,
C386,,An der Hofmark 386,,,,,,ContactPerson_C386,,,,,,,,,,
C387,,An der Hofmark 387,,,,,,ContactPerson_C387,,,,,,,,,,
C388,,An der Hofmark 388,,,,,,ContactPerson_C388,,,,,,,,,,
C389,,An der Hofmark 389,,,,,,ContactPerson_C389,,,,,,,,,,
C390,,An der Hofmark 390,,,,,,ContactPerson_C390,,,,,,,,,,
C391,,An der Hofmark 391,,,,,,ContactPerson_C391,,,,,,,,,,
C392,,An der Hofmark 392,,,,,,ContactPerson_C392,,,,,,,,,,
C393,,An der Hofmark 393,,,,,,ContactPerson_C393,,,,,,,,,,
C394,,An der Hofmark 394,,,,,,ContactPerson_C394,,,,,,,,,,
C395,,An der Hofmark 395,,,,,,ContactPerson_C395,,,,,,,,,,
C396,,An der Hofmark 396,,,,,,ContactPerson_C396,,,,,,,,,,
C397,,An der Hofmark 397,,,,,,ContactPerson_C397,,,,,,,,,,
C398,,An der Hofmark 398,,,,,,ContactPerson_C398,,,,,,,,,,
C399,,An der Hofmark 399,,,,,,ContactPerson_C399,,,,,,,,,,
C400,,An der Hofmark 400,,,,,,ContactPerson_C400,,,,,,,,,,
C401,,An der Hofmark 401,,,,,,ContactPerson_C401,,,,,,,,,,
C402,,An der Hofmark 402,,,,,,ContactPerson_C402,,,,,,,,,,
C403,,An der Hofmark 403,,,,,,ContactPerson_C403,,,,,,,,,,
C404,,An der Hofmark 404,,,,,,ContactPerson_C404,,,,,,,,,,
C405,,An der Hofmark 405,,,,,,ContactPerson_C405,,,,,,,,,,
C406,,An der Hofmark 406,,,,,,ContactPerson_C406,,,,,,,,,,
C407,,An der Hofmark 407,,,,,,ContactPerson_C407,,,,,,,,,,
C408,,An der Hofmark 408,,,,,,ContactPerson_C408,,,,,,,,,,
C409,,An der Hofmark 409,,,,,,ContactPerson_C409,,,,,,,,,,
C410,,An der Hofmark 410,,,,,,ContactPerson_C410,,,,,,,,,,
C411,,An der Hofmark 411,,,,,,ContactPerson_C411,,,,,,,,,,
C412,,An der Hofmark 412,,,,,,ContactPerson_C412,,,,,,,,,,
C413,,An der Hofmark 413,,,,,,ContactPerson_C413,,,,,,,,,,
C414,,An der Hofmark 414,,,,,,ContactPerson_C414,,,,,,,,,,
C415,,An der Hofmark 415,,,,,,ContactPerson_C415,,,,,,,,,,
C416,,An der Hofmark 416,,,,,,ContactPerson_C416,,,,,,,,,,
C417,,An der Hofmark 417,,,,,,ContactPerson_C417,,,,,,,,,,
C418,,An der Hofmark 418,,,,,,ContactPerson_C418,,,,,,,,,,
C419,,An der Hofmark 419,,,,,,ContactPerson_C419,,,,,,,,,,
C420,,An der Hofmark 420,,,,,,ContactPerson_C420,,,,,,,,,,
C421,,An der Hofmark 421,,,,,,ContactPerson_C421,,,,,,,,,,
C422,,An der Hofmark 422,,,,,,ContactPerson_C422,,,,,,,,,,
C423,,An der Hofmark 423,,,,,,ContactPerson_C423,,,,,,,,,,
C424,,An der Hofmark 424,,,,,,ContactPerson_C424,,,,,,,,,,
C425,,An der Hofmark 425,,,,,,ContactPerson_C425,,,,,,,,,,
C426,,An der Hofmark 426,,,,,,ContactPerson_C426,,,,,,,,,,
C427,,An der Hofmark 427,,,,,,ContactPerson_C427,,,,,,,,,,
C428,,An der Hofmark 428,,,,,,ContactPerson_C428,,,,,,,,,,
C429,,An der Hofmark 429,,,,,,ContactPerson_C429,,,,,,,,,,
C430,,An der Hofmark 430,,,,,,ContactPerson_C430,,,,,,,,,,
C431,,An der Hofmark 431,,,,,,ContactPerson_C431,,,,,,,,,,
C432,,An der Hofmark 432,,,,,,ContactPerson_C432,,,,,,,,,,
C433,,An der Hofmark 433,,,,,,ContactPerson_C433,,,,,,,,,,
C434,,An der Hofmark 434,,,,,,ContactPerson_C434,,,,,,,,,,
C435,,An der Hofmark 435,,,,,,ContactPerson_C435,,,,,,,,,,
C436,,An der Hofmark 436,,,,,,ContactPerson_C436,,,,,,,,,,
C437,,An der Hofmark 437,,,,,,ContactPerson_C437,,,,,,,,,,
C438,,An der Hofmark 438,,,,,,ContactPerson_C438,,,,,,,,,,
C439,,An der Hofmark 439,,,,,,ContactPerson_C439,,,,,,,,,,
C440,,An der Hofmark 440,,,,,,ContactPerson_C440,,,,,,,,,,
C441,,An der Hofmark 441,,,,,,ContactPerson_C441,,,,,,,,,,
C442,,An der Hofmark 442,,,,,,ContactPerson_C442,,,,,,,,,,
C443,,An der Hofmark 443,,,,,,ContactPerson_C443,,,,,,,,,,
C444,,An der Hofmark 444,,,,,,ContactPerson_C444,,,,,,,,,,
C445,,An der Hofmark 445,,,,,,ContactPerson_C445,,,,,,,,,,
C446,,An der Hofmark 446,,,,,,ContactPerson_C446,,,,,,,,,,
C447,,An der Hofmark 447,,,,,,ContactPerson_C447,,,,,,,,,,
C448,,An der Hofmark 448,,,,,,ContactPerson_C448,,,,,,,,,,
C449,,An der Hofmark 449,,,,,,ContactPerson_C449,,,,,,,,,,
C450,,An der Hofmark 450,,,,,,ContactPerson_C450,,,,,,,,,,
C451,,An der Hofmark 451,,,,,,ContactPerson_C451,,,,,,,,,,
C452,,An der Hofmark 452,,,,,,ContactPerson_C452,,,,,,,,,,
C453,,An der Hofmark 453,,,,,,ContactPerson_C453,,,,,,,,,,
C454,,An der Hofmark 454,,,,,,ContactPerson_C454,,,,,,,,,,
C455,,An der Hofmark 455,,,,,,ContactPerson_C455,,,,,,,,,,
C456,,An der Hofmark 456,,,,,,ContactPerson_C456,,,,,,,,,,
C457,,An der Hofmark 457,,,,,,ContactPerson_C457,,,,,,,,,,
C458,,An der Hofmark 458,,,,,,ContactPerson_C458,,,,,,,,,,
C459,,An der Hofmark 459,,,,,,ContactPerson_C459,,,,,,,,,,
C460,,An der Hofmark 460,,,,,,ContactPerson_C460,,,,,,,,,,
C461,,An der Hofmark 461,,,,,,ContactPerson_C461,,,,,,,,,,
C462,,An der Hofmark 462,,,,,,ContactPerson_C462,,,,,,,,,,
C463,,An der Hofmark 463,,,,,,ContactPerson_C463,,,,,,,,,,
C464,,An der Hofmark 464,,,,,,ContactPerson_C464,,,,,,,,,,
C465,,An der Hofmark 465,,,,,,ContactPerson_C465,,,,,,,,,,
C466,,An der Hofmark 466,,,,,,ContactPerson_C466,,,,,,,,,,
C467,,An der Hofmark 467,,,,,,ContactPerson_C467,,,,,,,,,,
C468,,An der Hofmark 468,,,,,,ContactPerson_C468,,,,,,,,,,
C469,,An der Hofmark 469,,,,,,ContactPerson_C469,,,,,,,,,,
C470,,An der Hofmark 470,,,,,,ContactPerson_C470,,,,,,,,,,
C471,,An der Hofmark 471,,,,,,ContactPerson_C471,,,,,,,,,,
C472,,An der Hofmark 472,,,,,,ContactPerson_C472,,,,,,,,,,
C473,,An der Hofmark 473,,,,,,ContactPerson_C473,,,,,,,,,,
C474,,An der Hofmark 474,,,,,,ContactPerson_C474,,,,,,,,,,
C475,,An der Hofmark 475,,,,,,ContactPerson_C475,,,,,,,,,,
C476,,An der Hofmark 476,,,,,,ContactPerson_C476,,,,,,,,,,
C477,,An der Hofmark 477,,,,,,ContactPerson_C477,,,,,,,,,,
C478,,An der Hofmark 478,,,,,,ContactPerson_C478,,,,,,,,,,
C479,,An der Hofmark 479,,,,,,ContactPerson_C479,,,,,,,,,,
C480,,An der Hofmark 480,,,,,,ContactPerson_C480,,,,,,,,,,
C481,,An der Hofmark 481,,,,,,ContactPerson_C481,,,,,,,,,,
C482,,An der Hofmark 482,,,,,,ContactPerson_C482,,,,,,,,,,
C483,,An der Hofmark 483,,,,,,ContactPerson_C483,,,,,,,,,,
C484,,An der Hofmark 484,,,,,,ContactPerson_C484,,,,,,,,,,
C485,,An der Hofmark 485,,,,,,ContactPerson_C485,,,,,,,,,,
C486,,An der Hofmark 486,,,,,,ContactPerson_C486,,,,,,,,,,
C487,,An der Hofmark 487,,,,,,ContactPerson_C487,,,,,,,,,,
C488,,An der Hofmark 488,,,,,,ContactPerson_C488,,,,,,,,,,
C489,,An der Hofmark 489,,,,,,ContactPerson_C489,,,,,,,,,,
C490,,An der Hofmark 490,,,,,,ContactPerson_C490,,,,,,,,,,
C491,,An der Hofmark 491,,,,,,ContactPerson_C491,,,,,,,,,,
C492,,An der Hofmark 492,,,,,,ContactPerson_C492,,,,,,,,,,
C493,,An der Hofmark 493,,,,,,ContactPerson_C493,,,,,,,,,,
C494,,An der Hofmark 494,,,,,,ContactPerson_C494,,,,,,,,,,
C495,,An der Hofmark 495,,,,,,ContactPerson_C495,,,,,,,,,,
C496,,An der Hofmark 496,,,,,,ContactPerson_C496,,,,,,,,,,
C497,,An der Hofmark 497,,,,,,ContactPerson_C497,,,,,,,,,,
C498,,An der Hofmark 498,,,,,,ContactPerson_C498,,,,,,,,,,
C499,,An der Hofmark 499,,,,,,ContactPerson_C499,,,,,,,,,,
C500,,An der Hofmark 500,,,,,,ContactPerson_C500,,,,,,,,,,
C501,,An der Hofmark 501,,,,,,ContactPerson_C501,,,,,,,,,,
C502,,An der Hofmark 502,,,,,,ContactPerson_C502,,,,,,,,,,
C503,,An der Hofmark 503,,,,,,ContactPerson_C503,,,,,,,,,,
C504,,An der Hofmark 504,,,,,,ContactPerson_C504,,,,,,,,,,
C505,,An der Hofmark 505,,,,,,ContactPerson_C505,,,,,,,,,,
C506,,An der Hofmark 506,,,,,,ContactPerson_C506,,,,,,,,,,
C507,,An der Hofmark 507,,,,,,ContactPerson_C507,,,,,,,,,,
C508,,An der Hofmark 508,,,,,,ContactPerson_C508,,,,,,,,,,
C509,,An der Hofmark 509,,,,,,ContactPerson_C509,,,,,,,,,,
C510,,An der Hofmark 510,,,,,,ContactPerson_C510,,,,,,,,,,
C511,,An der Hofmark 511,,,,,,ContactPerson_C511,,,,,,,,,,
C512,,An der Hofmark 512,,,,,,ContactPerson_C512,,,,,,,,,,
C513,,An der Hofmark 513,,,,,,ContactPerson_C513,,,,,,,,,,
C514,,An der Hofmark 514,,,,,,ContactPerson_C514,,,,,,,,,,
C515,,An der Hofmark 515,,,,,,ContactPerson_C515,,,,,,,,,,
C516,,An der Hofmark 516,,,,,,ContactPerson_C516,,,,,,,,,,
C517,,An der Hofmark 517,,,,,,ContactPerson_C517,,,,,,,,,,
C518,,An der Hofmark 518,,,,,,ContactPerson_C518,,,,,,,,,,
C519,,An der Hofmark 519,,,,,,ContactPerson_C519,,,,,,,,,,
C520,,An der Hofmark 520,,,,,,ContactPerson_C520,,,,,,,,,,
C521,,An der Hofmark 521,,,,,,ContactPerson_C521,,,,,,,,,,
C522,,An der Hofmark 522,,,,,,ContactPerson_C522,,,,,,,,,,
C523,,An der Hofmark 523,,,,,,ContactPerson_C523,,,,,,,,,,
C524,,An der Hofmark 524,,,,,,ContactPerson_C524,,,,,,,,,,
C525,,An der Hofmark 525,,,,,,ContactPerson_C525,,,,,,,,,,
C526,,An der Hofmark 526,,,,,,ContactPerson_C526,,,,,,,,,,
C527,,An der Hofmark 527,,,,,,ContactPerson_C527,,,,,,,,,,
C528,,An der Hofmark 528,,,,,,ContactPerson_C528,,,,,,,,,,
C529,,An der Hofmark 529,,,,,,ContactPerson_C529,,,,,,,,,,
C530,,An der Hofmark 530,,,,,,ContactPerson_C530,,,,,,,,,,
C531,,An der Hofmark 531,,,,,,ContactPerson_C531,,,,,,,,,,
C532,,An der Hofmark 532,,,,,,ContactPerson_C532,,,,,,,,,,
C533,,An der Hofmark 533,,,,,,ContactPerson_C533,,,,,,,,,,
C534,,An der Hofmark 534,,,,,,ContactPerson_C534,,,,,,,,,,
C535,,An der Hofmark 535,,,,,,ContactPerson_C535,,,,,,,,,,
C536,,An der Hofmark 536,,,,,,ContactPerson_C536,,,,,,,,,,
C537,,An der Hofmark 537,,,,,,ContactPerson_C537,,,,,,,,,,
C538,,An der Hofmark 538,,,,,,ContactPerson_C538,,,,,,,,,,
C539,,An der Hofmark 539,,,,,,ContactPerson_C539,,,,,,,,,,
C540,,An der Hofmark 540,,,,,,ContactPerson_C540,,,,,,,,,,
C541,,An der Hofmark 541,,,,,,ContactPerson_C541,,,,,,,,,,
C542,,An der Hofmark 542,,,,,,ContactPerson_C542,,,,,,,,,,
C543,,An der Hofmark 543,,,,,,ContactPerson_C543,,,,,,,,,,
C544,,An der Hofmark 544,,,,,,ContactPerson_C544,,,,,,,,,,
C545,,An der Hofmark 545,,,,,,ContactPerson_C545,,,,,,,,,,
C546,,An der Hofmark 546,,,,,,ContactPerson_C546,,,,,,,,,,
C547,,An der Hofmark 547,,,,,,ContactPerson_C547,,,,,,,,,,
C548,,An der Hofmark 548,,,,,,ContactPerson_C548,,,,,,,,,,
C549,,An der Hofmark 549,,,,,,ContactPerson_C549,,,,,,,,,,
C550,,An der Hofmark 550,,,,,,ContactPerson_C550,,,,,,,,,,
C551,,An der Hofmark 551,,,,,,ContactPerson_C551,,,,,,,,,,
C552,,An der Hofmark 552,,,,,,ContactPerson_C552,,,,,,,,,,
C553,,An der Hofmark 553,,,,,,ContactPerson_C553,,,,,,,,,,
C554,,An der Hofmark 554,,,,,,ContactPerson_C554,,,,,,,,,,
C555,,An der Hofmark 555,,,,,,ContactPerson_C555,,,,,,,,,,
C556,,An der Hofmark 556,,,,,,ContactPerson_C556,,,,,,,,,,
C557,,An der Hofmark 557,,,,,,ContactPerson_C557,,,,,,,,,,
C558,,An der Hofmark 558,,,,,,ContactPerson_C558,,,,,,,,,,
C559,,An der Hofmark 559,,,,,,ContactPerson_C559,,,,,,,,,,
C560,,An der Hofmark 560,,,,,,ContactPerson_C560,,,,,,,,,,
C561,,An der Hofmark 561,,,,,,ContactPerson_C561,,,,,,,,,,
C562,,An der Hofmark 562,,,,,,ContactPerson_C562,,,,,,,,,,
C563,,An der Hofmark 563,,,,,,ContactPerson_C563,,,,,,,,,,
C564,,An der Hofmark 564,,,,,,ContactPerson_C564,,,,,,,,,,
C565,,An der Hofmark 565,,,,,,ContactPerson_C565,,,,,,,,,,
C566,,An der Hofmark 566,,,,,,ContactPerson_C566,,,,,,,,,,
C567,,An der Hofmark 567,,,,,,ContactPerson_C567,,,,,,,,,,
C568,,An der Hofmark 568,,,,,,ContactPerson_C568,,,,,,,,,,
C569,,An der Hofmark 569,,,,,,ContactPerson_C569,,,,,,,,,,
C570,,An der Hofmark 570,,,,,,ContactPerson_C570,,,,,,,,,,
C571,,An der Hofmark 571,,,,,,ContactPerson_C571,,,,,,,,,,
C572,,An der Hofmark 572,,,,,,ContactPerson_C572,,,,,,,,,,
C573,,An der Hofmark 573,,,,,,ContactPerson_C573,,,,,,,,,,
C574,,An der Hofmark 574,,,,,,ContactPerson_C574,,,,,,,,,,
C575,,An der Hofmark 575,,,,,,ContactPerson_C575,,,,,,,,,,
C576,,An der Hofmark 576,,,,,,ContactPerson_C576,,,,,,,,,,
C577,,An der Hofmark 577,,,,,,ContactPerson_C577,,,,,,,,,,
C578,,An der Hofmark 578,,,,,,ContactPerson_C578,,,,,,,,,,
C579,,An der Hofmark 579,,,,,,ContactPerson_C579,,,,,,,,,,
C580,,An der Hofmark 580,,,,,,ContactPerson_C580,,,,,,,,,,
C581,,An der Hofmark 581,,,,,,ContactPerson_C581,,,,,,,,,,
C582,,An der Hofmark 582,,,,,,ContactPerson_C582,,,,,,,,,,
C583,,An der Hofmark 583,,,,,,ContactPerson_C583,,,,,,,,,,
C584,,An der Hofmark 584,,,,,,ContactPerson_C584,,,,,,,,,,
C585,,An der Hofmark 585,,,,,,ContactPerson_C585,,,,,,,,,,
C586,,An der Hofmark 586,,,,,,ContactPerson_C586,,,,,,,,,,
C587,,An der Hofmark 587,,,,,,ContactPerson_C587,,,,,,,,,,
C588,,An der Hofmark 588,,,,,,ContactPerson_C588,,,,,,,,,,
C589,,An der Hofmark 589,,,,,,ContactPerson_C589,,,,,,,,,,
C590,,An der Hofmark 590,,,,,,ContactPerson_C590,,,,,,,,,,
C591,,An der Hofmark 591,,,,,,ContactPerson_C591,,,,,,,,,,
C592,,An der Hofmark 592,,,,,,ContactPerson_C592,,,,,,,,,,
C593,,An der Hofmark 593,,,,,,ContactPerson_C593,,,,,,,,,,
C594,,An der Hofmark 594,,,,,,ContactPerson_C594,,,,,,,,,,
C595,,An der Hofmark 595,,,,,,ContactPerson_C595,,,,,,,,,,
C596,,An der Hofmark 596,,,,,,ContactPerson_C596,,,,,,,,,,
C597,,An der Hofmark 597,,,,,,ContactPerson_C597,,,,,,,,,,
C598,,An der Hofmark 598,,,,,,ContactPerson_C598,,,,,,,,,,
C599,,An der Hofmark 599,,,,,,ContactPerson_C599,,,,,,,,,,
C600,,An der Hofmark 600,,,,,,ContactPerson_C600,,,,,,,,,,
C601,,An der Hofmark 601,,,,,,ContactPerson_C601,,,,,,,,,,
C602,,An der Hofmark 602,,,,,,ContactPerson_C602,,,,,,,,,,
C603,,An der Hofmark 603,,,,,,ContactPerson_C603,,,,,,,,,,
C604,,An der Hofmark 604,,,,,,ContactPerson_C604,,,,,,,,,,
C605,,An der Hofmark 605,,,,,,ContactPerson_C605,,,,,,,,,,
C606,,An der Hofmark 606,,,,,,ContactPerson_C606,,,,,,,,,,
C607,,An der Hofmark 607,,,,,,ContactPerson_C607,,,,,,,,,,
C608,,An der Hofmark 608,,,,,,ContactPerson_C608,,,,,,,,,,
C609,,An der Hofmark 609,,,,,,ContactPerson_C609,,,,,,,,,,
C610,,An der Hofmark 610,,,,,,ContactPerson_C610,,,,,,,,,,
C611,,An der Hofmark 611,,,,,,ContactPerson_C611,,,,,,,,,,
C612,,An der Hofmark 612,,,,,,ContactPerson_C612,,,,,,,,,,
C613,,An der Hofmark 613,,,,,,ContactPerson_C613,,,,,,,,,,
C614,,An der Hofmark 614,,,,,,ContactPerson_C614,,,,,,,,,,
C615,,An der Hofmark 615,,,,,,ContactPerson_C615,,,,,,,,,,
C616,,An der Hofmark 616,,,,,,ContactPerson_C616,,,,,,,,,,
C617,,An der Hofmark 617,,,,,,ContactPerson_C617,,,,,,,,,,
C618,,An der Hofmark 618,,,,,,ContactPerson_C618,,,,,,,,,,
C619,,An der Hofmark 619,,,,,,ContactPerson_C619,,,,,,,,,,
C620,,An der Hofmark 620,,,,,,ContactPerson_C620,,,,,,,,,,
C621,,An der Hofmark 621,,,,,,ContactPerson_C621,,,,,,,,,,
C622,,An der Hofmark 622,,,,,,ContactPerson_C622,,,,,,,,,,
C623,,An der Hofmark 623,,,,,,ContactPerson_C623,,,,,,,,,,
C624,,An der Hofmark 624,,,,,,ContactPerson_C624,,,,,,,,,,
C625,,An der Hofmark 625,,,,,,ContactPerson_C625,,,,,,,,,,
C626,,An der Hofmark 626,,,,,,ContactPerson_C626,,,,,,,,,,
C627,,An der Hofmark 627,,,,,,ContactPerson_C627,,,,,,,,,,
C628,,An der Hofmark 628,,,,,,ContactPerson_C628,,,,,,,,,,
C629,,An der Hofmark 629,,,,,,ContactPerson_C629,,,,,,,,,,
C630,,An der Hofmark 630,,,,,,ContactPerson_C630,,,,,,,,,,
C631,,An der Hofmark 631,,,,,,ContactPerson_C631,,,,,,,,,,
C632,,An der Hofmark 632,,,,,,ContactPerson_C632,,,,,,,,,,
C633,,An der Hofmark 633,,,,,,ContactPerson_C633,,,,,,,,,,
C634,,An der Hofmark 634,,,,,,ContactPerson_C634,,,,,,,,,,
C635,,An der Hofmark 635,,,,,,ContactPerson_C635,,,,,,,,,,
C636,,An der Hofmark 636,,,,,,ContactPerson_C636,,,,,,,,,,
C637,,An der Hofmark 637,,,,,,ContactPerson_C637,,,,,,,,,,
C638,,An der Hofmark 638,,,,,,ContactPerson_C638,,,,,,,,,,
C639,,An der Hofmark 639,,,,,,ContactPerson_C639,,,,,,,,,,
C640,,An der Hofmark 640,,,,,,ContactPerson_C640,,,,,,,,,,
C641,,An der Hofmark 641,,,,,,ContactPerson_C641,,,,,,,,,,
C642,,An der Hofmark 642,,,,,,ContactPerson_C642,,,,,,,,,,
C643,,An der Hofmark 643,,,,,,ContactPerson_C643,,,,,,,,,,
C644,,An der Hofmark 644,,,,,,ContactPerson_C644,,,,,,,,,,
C645,,An der Hofmark 645,,,,,,ContactPerson_C645,,,,,,,,,,
C646,,An der Hofmark 646,,,,,,ContactPerson_C646,,,,,,,,,,
C647,,An der Hofmark 647,,,,,,ContactPerson_C647,,,,,,,,,,
C648,,An der Hofmark 648,,,,,,ContactPerson_C648,,,,,,,,,,
C649,,An der Hofmark 649,,,,,,ContactPerson_C649,,,,,,,,,,
C650,,An der Hofmark 650,,,,,,ContactPerson_C650,,,,,,,,,,
C651,,An der Hofmark 651,,,,,,ContactPerson_C651,,,,,,,,,,
C652,,An der Hofmark 652,,,,,,ContactPerson_C652,,,,,,,,,,
C653,,An der Hofmark 653,,,,,,ContactPerson_C653,,,,,,,,,,
C654,,An der Hofmark 654,,,,,,ContactPerson_C654,,,,,,,,,,
C655,,An der Hofmark 655,,,,,,ContactPerson_C655,,,,,,,,,,
C656,,An der Hofmark 656,,,,,,ContactPerson_C656,,,,,,,,,,
C657,,An der Hofmark 657,,,,,,ContactPerson_C657,,,,,,,,,,
C658,,An der Hofmark 658,,,,,,ContactPerson_C658,,,,,,,,,,
C659,,An der Hofmark 659,,,,,,ContactPerson_C659,,,,,,,,,,
C660,,An der Hofmark 660,,,,,,ContactPerson_C660,,,,,,,,,,
C661,,An der Hofmark 661,,,,,,ContactPerson_C661,,,,,,,,,,
C662,,An der Hofmark 662,,,,,,ContactPerson_C662,,,,,,,,,,
C663,,An der Hofmark 663,,,,,,ContactPerson_C663,,,,,,,,,,
C664,,An der Hofmark 664,,,,,,ContactPerson_C664,,,,,,,,,,
C665,,An der Hofmark 665,,,,,,ContactPerson_C665,,,,,,,,,,
C666,,An der Hofmark 666,,,,,,ContactPerson_C666,,,,,,,,,,
C667,,An der Hofmark 667,,,,,,ContactPerson_C667,,,,,,,,,,
C668,,An der Hofmark 668,,,,,,ContactPerson_C668,,,,,,,,,,
C669,,An der Hofmark 669,,,,,,ContactPerson_C669,,,,,,,,,,
C670,,An der Hofmark 670,,,,,,ContactPerson_C670,,,,,,,,,,
C671,,An der Hofmark 671,,,,,,ContactPerson_C671,,,,,,,,,,
C672,,An der Hofmark 672,,,,,,ContactPerson_C672,,,,,,,,,,
C673,,An der Hofmark 673,,,,,,ContactPerson_C673,,,,,,,,,,
C674,,An der Hofmark 674,,,,,,ContactPerson_C674,,,,,,,,,,
C675,,An der Hofmark 675,,,,,,ContactPerson_C675,,,,,,,,,,
C676,,An der Hofmark 676,,,,,,ContactPerson_C676,,,,,,,,,,
C677,,An der Hofmark 677,,,,,,ContactPerson_C677,,,,,,,,,,
C678,,An der Hofmark 678,,,,,,ContactPerson_C678,,,,,,,,,,
C679,,An der Hofmark 679,,,,,,ContactPerson_C679,,,,,,,,,,
C680,,An der Hofmark 680,,,,,,ContactPerson_C680,,,,,,,,,,
C681,,An der Hofmark 681,,,,,,ContactPerson_C681,,,,,,,,,,
C682,,An der Hofmark 682,,,,,,ContactPerson_C682,,,,,,,,,,
C683,,An der Hofmark 683,,,,,,ContactPerson_C683,,,,,,,,,,
C684,,An der Hofmark 684,,,,,,ContactPerson_C684,,,,,,,,,,
C685,,An der Hofmark 685,,,,,,ContactPerson_C685,,,,,,,,,,
C686,,An der Hofmark 686,,,,,,ContactPerson_C686,,,,,,,,,,
C687,,An der Hofmark 687,,,,,,ContactPerson_C687,,,,,,,,,,
C688,,An der Hofmark 688,,,,,,ContactPerson_C688,,,,,,,,,,
C689,,An der Hofmark 689,,,,,,ContactPerson_C689,,,,,,,,,,
C690,,An der Hofmark 690,,,,,,ContactPerson_C690,,,,,,,,,,
C691,,An der Hofmark 691,,,,,,ContactPerson_C691,,,,,,,,,,
C692,,An der Hofmark 692,,,,,,ContactPerson_C692,,,,,,,,,,
C693,,An der Hofmark 693,,,,,,ContactPerson_C693,,,,,,,,,,
C694,,An der Hofmark 694,,,,,,ContactPerson_C694,,,,,,,,,,
C695,,An der Hofmark 695,,,,,,ContactPerson_C695,,,,,,,,,,
C696,,An der Hofmark 696,,,,,,ContactPerson_C696,,,,,,,,,,
C697,,An der Hofmark 697,,,,,,ContactPerson_C697,,,,,,,,,,
C698,,An der Hofmark 698,,,,,,ContactPerson_C698,,,,,,,,,,
C699,,An der Hofmark 699,,,,,,ContactPerson_C699,,,,,,,,,,
C700,,An der Hofmark 700,,,,,,ContactPerson_C700,,,,,,,,,,
C701,,An der Hofmark 701,,,,,,ContactPerson_C701,,,,,,,,,,
C702,,An der Hofmark 702,,,,,,ContactPerson_C702,,,,,,,,,,
C703,,An der Hofmark 703,,,,,,ContactPerson_C703,,,,,,,,,,
C704,,An der Hofmark 704,,,,,,ContactPerson_C704,,,,,,,,,,
C705,,An der Hofmark 705,,,,,,ContactPerson_C705,,,,,,,,,,
C706,,An der Hofmark 706,,,,,,ContactPerson_C706,,,,,,,,,,
C707,,An der Hofmark 707,,,,,,ContactPerson_C707,,,,,,,,,,
C708,,An der Hofmark 708,,,,,,ContactPerson_C708,,,,,,,,,,
C709,,An der Hofmark 709,,,,,,ContactPerson_C709,,,,,,,,,,
C710,,An der Hofmark 710,,,,,,ContactPerson_C710,,,,,,,,,,
C711,,An der Hofmark 711,,,,,,ContactPerson_C711,,,,,,,,,,
C712,,An der Hofmark 712,,,,,,ContactPerson_C712,,,,,,,,,,
C713,,An der Hofmark 713,,,,,,ContactPerson_C713,,,,,,,,,,
C714,,An der Hofmark 714,,,,,,ContactPerson_C714,,,,,,,,,,
C715,,An der Hofmark 715,,,,,,ContactPerson_C715,,,,,,,,,,
C716,,An der Hofmark 716,,,,,,ContactPerson_C716,,,,,,,,,,
C717,,An der Hofmark 717,,,,,,ContactPerson_C717,,,,,,,,,,
C718,,An der Hofmark 718,,,,,,ContactPerson_C718,,,,,,,,,,
C719,,An der Hofmark 719,,,,,,ContactPerson_C719,,,,,,,,,,
C720,,An der Hofmark 720,,,,,,ContactPerson_C720,,,,,,,,,,
C721,,An der Hofmark 721,,,,,,ContactPerson_C721,,,,,,,,,,
C722,,An der Hofmark 722,,,,,,ContactPerson_C722,,,,,,,,,,
C723,,An der Hofmark 723,,,,,,ContactPerson_C723,,,,,,,,,,
C724,,An der Hofmark 724,,,,,,ContactPerson_C724,,,,,,,,,,
C725,,An der Hofmark 725,,,,,,ContactPerson_C725,,,,,,,,,,
C726,,An der Hofmark 726,,,,,,ContactPerson_C726,,,,,,,,,,
C727,,An der Hofmark 727,,,,,,ContactPerson_C727,,,,,,,,,,
C728,,An der Hofmark 728,,,,,,ContactPerson_C728,,,,,,,,,,
C729,,An der Hofmark 729,,,,,,ContactPerson_C729,,,,,,,,,,
C730,,An der Hofmark 730,,,,,,ContactPerson_C730,,,,,,,,,,
C731,,An der Hofmark 731,,,,,,ContactPerson_C731,,,,,,,,,,
C732,,An der Hofmark 732,,,,,,ContactPerson_C732,,,,,,,,,,
C733,,An der Hofmark 733,,,,,,ContactPerson_C733,,,,,,,,,,
C734,,An der Hofmark 734,,,,,,ContactPerson_C734,,,,,,,,,,
C735,,An der Hofmark 735,,,,,,ContactPerson_C735,,,,,,,,,,
C736,,An der Hofmark 736,,,,,,ContactPerson_C736,,,,,,,,,,
C737,,An der Hofmark 737,,,,,,ContactPerson_C737,,,,,,,,,,
C738,,An der Hofmark 738,,,,,,ContactPerson_C738,,,,,,,,,,
C739,,An der Hofmark 739,,,,,,ContactPerson_C739,,,,,,,,,,
C740,,An der Hofmark 740,,,,,,ContactPerson_C740,,,,,,,,,,
C741,,An der Hofmark 741,,,,,,ContactPerson_C741,,,,,,,,,,
C742,,An der Hofmark 742,,,,,,ContactPerson_C742,,,,,,,,,,
C743,,An der Hofmark 743,,,,,,ContactPerson_C743,,,,,,,,,,
C744,,An der Hofmark 744,,,,,,ContactPerson_C744,,,,,,,,,,
C745,,An der Hofmark 745,,,,,,ContactPerson_C745,,,,,,,,,,
C746,,An der Hofmark 746,,,,,,ContactPerson_C746,,,,,,,,,,
C747,,An der Hofmark 747,,,,,,ContactPerson_C747,,,,,,,,,,
C748,,An der Hofmark 748,,,,,,ContactPerson_C748,,,,,,,,,,
C749,,An der Hofmark 749,,,,,,ContactPerson_C749,,,,,,,,,,
C750,,An der Hofmark 750,,,,,,ContactPerson_C750,,,,,,,,,,
C751,,An der Hofmark 751,,,,,,ContactPerson_C751,,,,,,,,,,
C752,,An der Hofmark 752,,,,,,ContactPerson_C752,,,,,,,,,,
C753,,An der Hofmark 753,,,,,,ContactPerson_C753,,,,,,,,,,
C754,,An der Hofmark 754,,,,,,ContactPerson_C754,,,,,,,,,,
C755,,An der Hofmark 755,,,,,,ContactPerson_C755,,,,,,,,,,
C756,,An der Hofmark 756,,,,,,ContactPerson_C756,,,,,,,,,,
C757,,An der Hofmark 757,,,,,,ContactPerson_C757,,,,,,,,,,
C758,,An der Hofmark 758,,,,,,ContactPerson_C758,,,,,,,,,,
C759,,An der Hofmark 759,,,,,,ContactPerson_C759,,,,,,,,,,
C760,,An der Hofmark 760,,,,,,ContactPerson_C760,,,,,,,,,,
C761,,An der Hofmark 761,,,,,,ContactPerson_C761,,,,,,,,,,
C762,,An der Hofmark 762,,,,,,ContactPerson_C762,,,,,,,,,,
C763,,An der Hofmark 763,,,,,,ContactPerson_C763,,,,,,,,,,
C764,,An der Hofmark 764,,,,,,ContactPerson_C764,,,,,,,,,,
C765,,An der Hofmark 765,,,,,,ContactPerson_C765,,,,,,,,,,
C766,,An der Hofmark 766,,,,,,ContactPerson_C766,,,,,,,,,,
C767,,An der Hofmark 767,,,,,,ContactPerson_C767,,,,,,,,,,
C768,,An der Hofmark 768,,,,,,ContactPerson_C768,,,,,,,,,,
C769,,An der Hofmark 769,,,,,,ContactPerson_C769,,,,,,,,,,
C770,,An der Hofmark 770,,,,,,ContactPerson_C770,,,,,,,,,,
C771,,An der Hofmark 771,,,,,,ContactPerson_C771,,,,,,,,,,
C772,,An der Hofmark 772,,,,,,ContactPerson_C772,,,,,,,,,,
C773,,An der Hofmark 773,,,,,,ContactPerson_C773,,,,,,,,,,
C774,,An der Hofmark 774,,,,,,ContactPerson_C774,,,,,,,,,,
C775,,An der Hofmark 775,,,,,,ContactPerson_C775,,,,,,,,,,
C776,,An der Hofmark 776,,,,,,ContactPerson_C776,,,,,,,,,,
C777,,An der Hofmark 777,,,,,,ContactPerson_C777,,,,,,,,,,
C778,,An der Hofmark 778,,,,,,ContactPerson_C778,,,,,,,,,,
C779,,An der Hofmark 779,,,,,,ContactPerson_C779,,,,,,,,,,
C780,,An der Hofmark 780,,,,,,ContactPerson_C780,,,,,,,,,,
C781,,An der Hofmark 781,,,,,,ContactPerson_C781,,,,,,,,,,
C782,,An der Hofmark 782,,,,,,ContactPerson_C782,,,,,,,,,,
C783,,An der Hofmark 783,,,,,,ContactPerson_C783,,,,,,,,,,
C784,,An der Hofmark 784,,,,,,ContactPerson_C784,,,,,,,,,,
C785,,An der Hofmark 785,,,,,,ContactPerson_C785,,,,,,,,,,
C786,,An der Hofmark 786,,,,,,ContactPerson_C786,,,,,,,,,,
C787,,An der Hofmark 787,,,,,,ContactPerson_C787,,,,,,,,,,
C788,,An der Hofmark 788,,,,,,ContactPerson_C788,,,,,,,,,,
C789,,An der Hofmark 789,,,,,,ContactPerson_C789,,,,,,,,,,
C790,,An der Hofmark 790,,,,,,ContactPerson_C790,,,,,,,,,,
C791,,An der Hofmark 791,,,,,,ContactPerson_C791,,,,,,,,,,
C792,,An der Hofmark 792,,,,,,ContactPerson_C792,,,,,,,,,,
C793,,An der Hofmark 793,,,,,,ContactPerson_C793,,,,,,,,,,
C794,,An der Hofmark 794,,,,,,ContactPerson_C794,,,,,,,,,,
C795,,An der Hofmark 795,,,,,,ContactPerson_C795,,,,,,,,,,
C796,,An der Hofmark 796,,,,,,ContactPerson_C796,,,,,,,,,,
C797,,An der Hofmark 797,,,,,,ContactPerson_C797,,,,,,,,,,
C798,,An der Hofmark 798,,,,,,ContactPerson_C798,,,,,,,,,,
C799,,An der Hofmark 799,,,,,,ContactPerson_C799,,,,,,,,,,
C800,,An der Hofmark 800,,,,,,ContactPerson_C800,,,,,,,,,,
C801,,An der Hofmark 801,,,,,,ContactPerson_C801,,,,,,,,,,
C802,,An der Hofmark 802,,,,,,ContactPerson_C802,,,,,,,,,,
C803,,An der Hofmark 803,,,,,,ContactPerson_C803,,,,,,,,,,
C804,,An der Hofmark 804,,,,,,ContactPerson_C804,,,,,,,,,,
C805,,An der Hofmark 805,,,,,,ContactPerson_C805,,,,,,,,,,
C806,,An der Hofmark 806,,,,,,ContactPerson_C806,,,,,,,,,,
C807,,An der Hofmark 807,,,,,,ContactPerson_C807,,,,,,,,,,
C808,,An der Hofmark 808,,,,,,ContactPerson_C808,,,,,,,,,,
C809,,An der Hofmark 809,,,,,,ContactPerson_C809,,,,,,,,,,
C810,,An der Hofmark 810,,,,,,ContactPerson_C810,,,,,,,,,,
C811,,An der Hofmark 811,,,,,,ContactPerson_C811,,,,,,,,,,
C812,,An der Hofmark 812,,,,,,ContactPerson_C812,,,,,,,,,,
C813,,An der Hofmark 813,,,,,,ContactPerson_C813,,,,,,,,,,
C814,,An der Hofmark 814,,,,,,ContactPerson_C814,,,,,,,,,,
C815,,An der Hofmark 815,,,,,,ContactPerson_C815,,,,,,,,,,
C816,,An der Hofmark 816,,,,,,ContactPerson_C816,,,,,,,,,,
C817,,An der Hofmark 817,,,,,,ContactPerson_C817,,,,,,,,,,
C818,,An der Hofmark 818,,,,,,ContactPerson_C818,,,,,,,,,,
C819,,An der Hofmark 819,,,,,,ContactPerson_C819,,,,,,,,,,
C820,,An der Hofmark 820,,,,,,ContactPerson_C820,,,,,,,,,,
C821,,An der Hofmark 821,,,,,,ContactPerson_C821,,,,,,,,,,
C822,,An der Hofmark 822,,,,,,ContactPerson_C822,,,,,,,,,,
C823,,An der Hofmark 823,,,,,,ContactPerson_C823,,,,,,,,,,
C824,,An der Hofmark 824,,,,,,ContactPerson_C824,,,,,,,,,,
C825,,An der Hofmark 825,,,,,,ContactPerson_C825,,,,,,,,,,
C826,,An der Hofmark 826,,,,,,ContactPerson_C826,,,,,,,,,,
C827,,An der Hofmark 827,,,,,,ContactPerson_C827,,,,,,,,,,
C828,,An der Hofmark 828,,,,,,ContactPerson_C828,,,,,,,,,,
C829,,An der Hofmark 829,,,,,,ContactPerson_C829,,,,,,,,,,
C830,,An der Hofmark 830,,,,,,ContactPerson_C830,,,,,,,,,,
C831,,An der Hofmark 831,,,,,,ContactPerson_C831,,,,,,,,,,
C832,,An der Hofmark 832,,,,,,ContactPerson_C832,,,,,,,,,,
C833,,An der Hofmark 833,,,,,,ContactPerson_C833,,,,,,,,,,
C834,,An der Hofmark 834,,,,,,ContactPerson_C834,,,,,,,,,,
C835,,An der Hofmark 835,,,,,,ContactPerson_C835,,,,,,,,,,
C836,,An der Hofmark 836,,,,,,ContactPerson_C836,,,,,,,,,,
C837,,An der Hofmark 837,,,,,,ContactPerson_C837,,,,,,,,,,
C838,,An der Hofmark 838,,,,,,ContactPerson_C838,,,,,,,,,,
C839,,An der Hofmark 839,,,,,,ContactPerson_C839,,,,,,,,,,
C840,,An der Hofmark 840,,,,,,ContactPerson_C840,,,,,,,,,,
C841,,An der Hofmark 841,,,,,,ContactPerson_C841,,,,,,,,,,
C842,,An der Hofmark 842,,,,,,ContactPerson_C842,,,,,,,,,,
C843,,An der Hofmark 843,,,,,,ContactPerson_C843,,,,,,,,,,
C844,,An der Hofmark 844,,,,,,ContactPerson_C844,,,,,,,,,,
C845,,An der Hofmark 845,,,,,,ContactPerson_C845,,,,,,,,,,
C846,,An der Hofmark 846,,,,,,ContactPerson_C846,,,,,,,,,,
C847,,An der Hofmark 847,,,,,,ContactPerson_C847,,,,,,,,,,
C848,,An der Hofmark 848,,,,,,ContactPerson_C848,,,,,,,,,,
C849,,An der Hofmark 849,,,,,,ContactPerson_C849,,,,,,,,,,
C850,,An der Hofmark 850,,,,,,ContactPerson_C850,,,,,,,,,,
C851,,An der Hofmark 851,,,,,,ContactPerson_C851,,,,,,,,,,
C852,,An der Hofmark 852,,,,,,ContactPerson_C852,,,,,,,,,,
C853,,An der Hofmark 853,,,,,,ContactPerson_C853,,,,,,,,,,
C854,,An der Hofmark 854,,,,,,ContactPerson_C854,,,,,,,,,,
C855,,An der Hofmark 855,,,,,,ContactPerson_C855,,,,,,,,,,
C856,,An der Hofmark 856,,,,,,ContactPerson_C856,,,,,,,,,,
C857,,An der Hofmark 857,,,,,,ContactPerson_C857,,,,,,,,,,
C858,,An der Hofmark 858,,,,,,ContactPerson_C858,,,,,,,,,,
C859,,An der Hofmark 859,,,,,,ContactPerson_C859,,,,,,,,,,
C860,,An der Hofmark 860,,,,,,ContactPerson_C860,,,,,,,,,,
C861,,An der Hofmark 861,,,,,,ContactPerson_C861,,,,,,,,,,
C862,,An der Hofmark 862,,,,,,ContactPerson_C862,,,,,,,,,,
C863,,An der Hofmark 863,,,,,,ContactPerson_C863,,,,,,,,,,
C864,,An der Hofmark 864,,,,,,ContactPerson_C864,,,,,,,,,,
C865,,An der Hofmark 865,,,,,,ContactPerson_C865,,,,,,,,,,
C866,,An der Hofmark 866,,,,,,ContactPerson_C866,,,,,,,,,,
C867,,An der Hofmark 867,,,,,,ContactPerson_C867,,,,,,,,,,
C868,,An der Hofmark 868,,,,,,ContactPerson_C868,,,,,,,,,,
C869,,An der Hofmark 869,,,,,,ContactPerson_C869,,,,,,,,,,
C870,,An der Hofmark 870,,,,,,ContactPerson_C870,,,,,,,,,,
C871,,An der Hofmark 871,,,,,,ContactPerson_C871,,,,,,,,,,
C872,,An der Hofmark 872,,,,,,ContactPerson_C872,,,,,,,,,,
C873,,An der Hofmark 873,,,,,,ContactPerson_C873,,,,,,,,,,
C874,,An der Hofmark 874,,,,,,ContactPerson_C874,,,,,,,,,,
C875,,An der Hofmark 875,,,,,,ContactPerson_C875,,,,,,,,,,
C876,,An der Hofmark 876,,,,,,ContactPerson_C876,,,,,,,,,,
C877,,An der Hofmark 877,,,,,,ContactPerson_C877,,,,,,,,,,
C878,,An der Hofmark 878,,,,,,ContactPerson_C878,,,,,,,,,,
C879,,An der Hofmark 879,,,,,,ContactPerson_C879,,,,,,,,,,
C880,,An der Hofmark 880,,,,,,ContactPerson_C880,,,,,,,,,,
C881,,An der Hofmark 881,,,,,,ContactPerson_C881,,,,,,,,,,
C882,,An der Hofmark 882,,,,,,ContactPerson_C882,,,,,,,,,,
C883,,An der Hofmark 883,,,,,,ContactPerson_C883,,,,,,,,,,
C884,,An der Hofmark 884,,,,,,ContactPerson_C884,,,,,,,,,,
C885,,An der Hofmark 885,,,,,,ContactPerson_C885,,,,,,,,,,
C886,,An der Hofmark 886,,,,,,ContactPerson_C886,,,,,,,,,,
C887,,An der Hofmark 887,,,,,,ContactPerson_C887,,,,,,,,,,
C888,,An der Hofmark 888,,,,,,ContactPerson_C888,,,,,,,,,,
C889,,An der Hofmark 889,,,,,,ContactPerson_C889,,,,,,,,,,
C890,,An der Hofmark 890,,,,,,ContactPerson_C890,,,,,,,,,,
C891,,An der Hofmark 891,,,,,,ContactPerson_C891,,,,,,,,,,
C892,,An der Hofmark 892,,,,,,ContactPerson_C892,,,,,,,,,,
C893,,An der Hofmark 893,,,,,,ContactPerson_C893,,,,,,,,,,
C894,,An der Hofmark 894,,,,,,ContactPerson_C894,,,,,,,,,,
C895,,An der Hofmark 895,,,,,,ContactPerson_C895,,,,,,,,,,
C896,,An der Hofmark 896,,,,,,ContactPerson_C896,,,,,,,,,,
C897,,An der Hofmark 897,,,,,,ContactPerson_C897,,,,,,,,,,
C898,,An der Hofmark 898,,,,,,ContactPerson_C898,,,,,,,,,,
C899,,An der Hofmark 899,,,,,,ContactPerson_C899,,,,,,,,,,
C900,,An der Hofmark 900,,,,,,ContactPerson_C900,,,,,,,,,,
C901,,An der Hofmark 901,,,,,,ContactPerson_C901,,,,,,,,,,
C902,,An der Hofmark 902,,,,,,ContactPerson_C902,,,,,,,,,,
C903,,An der Hofmark 903,,,,,,ContactPerson_C903,,,,,,,,,,
C904,,An der Hofmark 904,,,,,,ContactPerson_C904,,,,,,,,,,
C905,,An der Hofmark 905,,,,,,ContactPerson_C905,,,,,,,,,,
C906,,An der Hofmark 906,,,,,,ContactPerson_C906,,,,,,,,,,
C907,,An der Hofmark 907,,,,,,ContactPerson_C907,,,,,,,,,,
C908,,An der Hofmark 908,,,,,,ContactPerson_C908,,,,,,,,,,
C909,,An der Hofmark 909,,,,,,ContactPerson_C909,,,,,,,,,,
C910,,An der Hofmark 910,,,,,,ContactPerson_C910,,,,,,,,,,
C911,,An der Hofmark 911,,,,,,ContactPerson_C911,,,,,,,,,,
C912,,An der Hofmark 912,,,,,,ContactPerson_C912,,,,,,,,,,
C913,,An der Hofmark 913,,,,,,ContactPerson_C913,,,,,,,,,,
C914,,An der Hofmark 914,,,,,,ContactPerson_C914,,,,,,,,,,
C915,,An der Hofmark 915,,,,,,ContactPerson_C915,,,,,,,,,,
C916,,An der Hofmark 916,,,,,,ContactPerson_C916,,,,,,,,,,
C917,,An der Hofmark 917,,,,,,ContactPerson_C917,,,,,,,,,,
C918,,An der Hofmark 918,,,,,,ContactPerson_C918,,,,,,,,,,
C919,,An der Hofmark 919,,,,,,ContactPerson_C919,,,,,,,,,,
C920,,An der Hofmark 920,,,,,,ContactPerson_C920,,,,,,,,,,
C921,,An der Hofmark 921,,,,,,ContactPerson_C921,,,,,,,,,,
C922,,An der Hofmark 922,,,,,,ContactPerson_C922,,,,,,,,,,
C923,,An der Hofmark 923,,,,,,ContactPerson_C923,,,,,,,,,,
C924,,An der Hofmark 924,,,,,,ContactPerson_C924,,,,,,,,,,
C925,,An der Hofmark 925,,,,,,ContactPerson_C925,,,,,,,,,,
C926,,An der Hofmark 926,,,,,,ContactPerson_C926,,,,,,,,,,
C927,,An der Hofmark 927,,,,,,ContactPerson_C927,,,,,,,,,,
C928,,An der Hofmark 928,,,,,,ContactPerson_C928,,,,,,,,,,
C929,,An der Hofmark 929,,,,,,ContactPerson_C929,,,,,,,,,,
C930,,An der Hofmark 930,,,,,,ContactPerson_C930,,,,,,,,,,
C931,,An der Hofmark 931,,,,,,ContactPerson_C931,,,,,,,,,,
C932,,An der Hofmark 932,,,,,,ContactPerson_C932,,,,,,,,,,
C933,,An der Hofmark 933,,,,,,ContactPerson_C933,,,,,,,,,,
C934,,An der Hofmark 934,,,,,,ContactPerson_C934,,,,,,,,,,
C935,,An der Hofmark 935,,,,,,ContactPerson_C935,,,,,,,,,,
C936,,An der Hofmark 936,,,,,,ContactPerson_C936,,,,,,,,,,
C937,,An der Hofmark 937,,,,,,ContactPerson_C937,,,,,,,,,,
C938,,An der Hofmark 938,,,,,,ContactPerson_C938,,,,,,,,,,
C939,,An der Hofmark 939,,,,,,ContactPerson_C939,,,,,,,,,,
C940,,An der Hofmark 940,,,,,,ContactPerson_C940,,,,,,,,,,
C941,,An der Hofmark 941,,,,,,ContactPerson_C941,,,,,,,,,,
C942,,An der Hofmark 942,,,,,,ContactPerson_C942,,,,,,,,,,
C943,,An der Hofmark 943,,,,,,ContactPerson_C943,,,,,,,,,,
C944,,An der Hofmark 944,,,,,,ContactPerson_C944,,,,,,,,,,
C945,,An der Hofmark 945,,,,,,ContactPerson_C945,,,,,,,,,,
C946,,An der Hofmark 946,,,,,,ContactPerson_C946,,,,,,,,,,
C947,,An der Hofmark 947,,,,,,ContactPerson_C947,,,,,,,,,,
C948,,An der Hofmark 948,,,,,,ContactPerson_C948,,,,,,,,,,
C949,,An der Hofmark 949,,,,,,ContactPerson_C949,,,,,,,,,,
C950,,An der Hofmark 950,,,,,,ContactPerson_C950,,,,,,,,,,
C951,,An der Hofmark 951,,,,,,ContactPerson_C951,,,,,,,,,,
C952,,An der Hofmark 952,,,,,,ContactPerson_C952,,,,,,,,,,
C953,,An der Hofmark 953,,,,,,ContactPerson_C953,,,,,,,,,,
C954,,An der Hofmark 954,,,,,,ContactPerson_C954,,,,,,,,,,
C955,,An der Hofmark 955,,,,,,ContactPerson_C955,,,,,,,,,,
C956,,An der Hofmark 956,,,,,,ContactPerson_C956,,,,,,,,,,
C957,,An der Hofmark 957,,,,,,ContactPerson_C957,,,,,,,,,,
C958,,An der Hofmark 958,,,,,,ContactPerson_C958,,,,,,,,,,
C959,,An der Hofmark 959,,,,,,ContactPerson_C959,,,,,,,,,,
C960,,An der Hofmark 960,,,,,,ContactPerson_C960,,,,,,,,,,
C961,,An der Hofmark 961,,,,,,ContactPerson_C961,,,,,,,,,,
C962,,An der Hofmark 962,,,,,,ContactPerson_C962,,,,,,,,,,
C963,,An der Hofmark 963,,,,,,ContactPerson_C963,,,,,,,,,,
C964,,An der Hofmark 964,,,,,,ContactPerson_C964,,,,,,,,,,
C965,,An der Hofmark 965,,,,,,ContactPerson_C965,,,,,,,,,,
C966,,An der Hofmark 966,,,,,,ContactPerson_C966,,,,,,,,,,
C967,,An der Hofmark 967,,,,,,ContactPerson_C967,,,,,,,,,,
C968,,An der Hofmark 968,,,,,,ContactPerson_C968,,,,,,,,,,
C969,,An der Hofmark 969,,,,,,ContactPerson_C969,,,,,,,,,,
C970,,An der Hofmark 970,,,,,,ContactPerson_C970,,,,,,,,,,
C971,,An der Hofmark 971,,,,,,ContactPerson_C971,,,,,,,,,,
C972,,An der Hofmark 972,,,,,,ContactPerson_C972,,,,,,,,,,
C973,,An der Hofmark 973,,,,,,ContactPerson_C973,,,,,,,,,,
C974,,An der Hofmark 974,,,,,,ContactPerson_C974,,,,,,,,,,
C975,,An der Hofmark 975,,,,,,ContactPerson_C975,,,,,,,,,,
C976,,An der Hofmark 976,,,,,,ContactPerson_C976,,,,,,,,,,
C977,,An der Hofmark 977,,,,,,ContactPerson_C977,,,,,,,,,,
C978,,An der Hofmark 978,,,,,,ContactPerson_C978,,,,,,,,,,
C979,,An der Hofmark 979,,,,,,ContactPerson_C979,,,,,,,,,,
C980,,An der Hofmark 980,,,,,,ContactPerson_C980,,,,,,,,,,
C981,,An der Hofmark 981,,,,,,ContactPerson_C981,,,,,,,,,,
C982,,An der Hofmark 982,,,,,,ContactPerson_C982,,,,,,,,,,
C983,,An der Hofmark 983,,,,,,ContactPerson_C983,,,,,,,,,,
C984,,An der Hofmark 984,,,,,,ContactPerson_C984,,,,,,,,,,
C985,,An der Hofmark 985,,,,,,ContactPerson_C985,,,,,,,,,,
C986,,An der Hofmark 986,,,,,,ContactPerson_C986,,,,,,,,,,
C987,,An der Hofmark 987,,,,,,ContactPerson_C987,,,,,,,,,,
C988,,An der Hofmark 988,,,,,,ContactPerson_C988,,,,,,,,,,
C989,,An der Hofmark 989,,,,,,ContactPerson_C989,,,,,,,,,,
C990,,An der Hofmark 990,,,,,,ContactPerson_C990,,,,,,,,,,
C991,,An der Hofmark 991,,,,,,ContactPerson_C991,,,,,,,,,,
C992,,An der Hofmark 992,,,,,,ContactPerson_C992,,,,,,,,,,
C993,,An der Hofmark 993,,,,,,ContactPerson_C993,,,,,,,,,,
C994,,An der Hofmark 994,,,,,,ContactPerson_C994,,,,,,,,,,
C995,,An der Hofmark 995,,,,,,ContactPerson_C995,,,,,,,,,,
C996,,An der Hofmark 996,,,,,,ContactPerson_C996,,,,,,,,,,
C997,,An der Hofmark 997,,,,,,ContactPerson_C997,,,,,,,,,,
C998,,An der Hofmark 998,,,,,,ContactPerson_C998,,,,,,,,,,
C999,,An der Hofmark 999,,,,,,ContactPerson_C999,,,,,,,,,,
C1000,,An der Hofmark 1000,,,,,,ContactPerson_C1000,,,,,,,,,,
C1001,,An der Hofmark 1001,,,,,,ContactPerson_C1001,,,,,,,,,,
C1002,,An der Hofmark 1002,,,,,,ContactPerson_C1002,,,,,,,,,,
